<?xml version="1.0" encoding="UTF-8"?>
<project-private xmlns="http://www.netbeans.org/ns/project-private/1">
    <open-files xmlns="http://www.netbeans.org/ns/projectui-open-files/2">
        <group>
            <file>file:/C:/Users/Admin/Downloads/mercado-opai/mercado-opai-main/mercado-opai-main/src/imgs/editar-texto-removebg-preview.png</file>
            <file>file:/C:/Users/Admin/Downloads/mercado-opai/mercado-opai-main/mercado-opai-main/src/telas/TelaHistórico.java</file>
            <file>file:/C:/Users/Admin/Downloads/mercado-opai/mercado-opai-main/mercado-opai-main/src/telas/Login.java</file>
            <file>file:/C:/Users/Admin/Downloads/mercado-opai/mercado-opai-main/mercado-opai-main/src/telas/Cadastro.java</file>
            <file>file:/C:/Users/Admin/Downloads/mercado-opai/mercado-opai-main/mercado-opai-main/src/imgs/engrenagem-removebg-preview.png</file>
            <file>file:/C:/Users/Admin/Downloads/mercado-opai/mercado-opai-main/mercado-opai-main/src/telas/NewJFrame.java</file>
            <file>file:/C:/Users/Admin/Downloads/mercado-opai/mercado-opai-main/mercado-opai-main/src/imgs/computador__1_-removebg-preview.png</file>
            <file>file:/C:/Users/Admin/Downloads/mercado-opai/mercado-opai-main/mercado-opai-main/src/telas/EditFrame.java</file>
            <file>file:/C:/Users/Admin/Downloads/mercado-opai/mercado-opai-main/mercado-opai-main/src/telas/TelaInicio.java</file>
        </group>
    </open-files>
</project-private>
